item,itemLabel,startDate,endDate
,Platon Arshba,1953,1968
,Valeri Khintba,1968-12,1973
,Givi Lominadze,,1992-06-24
Q313355,Alexander Ankvab,1992-06-24,1993
Q4057057,Givi Agrba,1993,1994-11-26
Q4057057,Givi Agrba,1994-11-26,1996-06-02
Q4250548,Almasbei Kchach,1996-06-02,2001-07-02
Q4057171,Zurab Agumava,2001-07-02,2001-11-01
Q4250548,Almasbei Kchach,2001-11-01,2003-05-08
,Abesalom Beia,2003-05-08,2005-02-25
Q4497422,Otar Khetsia,2005-02-25,2010-08-20
,Ramin Gablaia,2010-08-12,2010-09-20
Q4160952,Leonid Dzapshba,2010-09-22,2011-05-29
Q4160952,Leonid Dzapshba,2011-05-29,2011-10-20
Q4497422,Otar Khetsia,2011-10-20,2014-06-01
Q4497422,Otar Khetsia,2014-06-01,2014-08-04
Q21933592,Raul Lolua,2014-08-04,2014-10-15
Q21933592,Raul Lolua,2014-10-15,2015-05-14
Q21141558,Beslan Khagba,2015-05-14,2015-10-09
Q4160952,Leonid Dzapshba,2015-10-09,2016-08-16
Q26465386,Aslan Kobakhia,2016-08-16,
